,JLA_name,zcmb,mb,x1,color,3rdvar
0,SDSS5103,0.1605,20.35959,-0.229365,0.016122,8.995
1,SDSS13099,0.26451,21.53541,0.347212,-0.021876,11.053
2,SDSS17274,0.17658,20.397033,1.957731,-0.136685,8.963
3,SDSS19794,0.29542,22.241585,-2.427288,0.045528,11.16
4,SDSS19282,0.17558,20.292843,1.224646,-0.038586,5.0
5,SDSS6924,0.3264,21.644769,0.908728,-0.07304,10.755
6,SDSS20064,0.10391,19.26048,0.849269,0.055639,11.288
7,sn2007qe,0.023867,16.068268,0.760605,0.052186,6.0
8,SDSS19543,0.12164,19.946008,-0.835084,-0.021891,8.828
9,SDSS13070,0.19709,20.348239,0.94902,-0.144736,9.999
10,SDSS8213,0.18327,21.108509,-0.656771,0.160219,10.339
11,SDSS19992,0.22452,21.145906,0.273495,-0.080933,9.496
12,SDSS17218,0.17757,20.428083,-0.760469,-0.084884,10.015
13,SDSS16116,0.1486,19.970319,0.508881,-0.097611,9.512
14,sn1997dg,0.030482,16.849731,-0.334473,-0.030644,6.0
15,SDSS4046,0.27544,21.521059,0.79804,0.00238,9.604
16,SDSS20111,0.24348,21.41238,-0.029582,0.009035,10.6
17,SDSS21502,0.08784,18.825522,-0.319465,-0.051292,11.214
18,SDSS16281,0.18255,20.47384,-0.873266,-0.07317,10.141
19,sn2002dp,0.010888,14.557203,-0.316464,0.054095,10.47
20,SDSS16259,0.11771,20.03987,-1.540003,0.07502,11.013
21,SDSS12950,0.08133,18.915623,-0.3315,-0.005329,9.793
22,SDSS13830,0.32837,21.644732,1.180448,-0.018399,11.042
23,SDSS13796,0.1436,19.837994,0.789492,-0.018978,10.018
24,SDSS13757,0.28742,21.262819,1.098936,-0.166608,5.0
25,SDSS7147,0.10924,19.47415,-1.914343,-0.094807,10.31
26,SDSS21861,0.18655,20.476939,0.132373,-0.025413,9.648
27,SDSS19757,0.40128,21.991848,0.174516,-0.10457,10.274
28,SDSS1371,0.11771,19.052211,0.789563,-0.101397,10.95
29,SDSS6422,0.18255,20.273166,0.809261,-0.105454,9.398
30,SDSS20227,0.28243,21.510915,-1.29134,-0.149793,10.88
31,SDSS6192,0.27044,21.678524,-1.94823,-0.061742,9.611
32,SDSS16211,0.30933,22.130926,-1.964016,0.004445,11.226
33,SDSS20084,0.12961,20.554137,0.129042,0.154984,8.635
34,SDSS13038,0.10264,19.206141,1.419043,-0.023293,5.0
35,SDSS20106,0.33136,22.047888,-0.983242,-0.113775,10.137
36,SDSS16352,0.24647,20.845774,0.273411,-0.141815,9.769
37,SDSS18617,0.32038,22.0083,-0.256202,-0.021879,9.922
38,SDSS15504,0.24947,21.852696,2.33717,0.205582,10.727
39,SDSS7143,0.3024,22.0549,-0.477103,0.011421,10.494
40,SDSS13641,0.20852,20.762042,1.026478,-0.031055,5.0
41,SDSS13045,0.18055,20.67432,-0.137419,0.052129,10.414
42,SDSS10805,0.04413,17.531728,-0.952693,0.056678,9.998
43,SDSS2789,0.28872,21.563138,-0.761709,-0.110724,10.949
44,SDSS14456,0.32837,21.823069,-0.040964,-0.029396,10.93
45,SDSS13934,0.32838,22.190461,-0.707675,-0.100206,10.51
46,SDSS20245,0.30041,21.668758,-0.602476,0.045499,11.404
47,SDSS13025,0.22351,21.236545,0.742038,0.028844,10.714
48,SDSS19899,0.09007,18.477718,0.284478,-0.146258,8.529
49,sn1995ac,0.048984,17.075749,0.749336,-0.038395,7.892
50,SDSS16069,0.12739,20.104432,0.878535,0.15663,10.98
51,SDSS18604,0.17656,20.912797,-2.079275,-0.046418,10.812
52,SDSS14318,0.05654,17.780075,0.864354,0.028353,9.93
53,SDSS17168,0.18257,20.59859,0.503374,-0.039676,9.52
54,SDSS20048,0.18056,20.90687,-0.682083,0.021693,10.682
55,SDSS1112,0.25611,21.537919,-0.623265,-0.026817,11.13
56,SDSS18602,0.13362,20.091364,0.915935,0.062187,9.408
57,SDSS13425,0.20953,21.86497,-0.977679,0.259538,10.36
58,sn2005kc,0.01496,15.489034,-0.697978,0.148376,10.934
59,sn2006gr,0.033614,16.968737,0.878787,0.074036,10.781361
60,SDSS9032,0.25249,21.349051,0.872317,0.015949,8.58
61,SDSS20581,0.20554,20.612992,-0.457773,-0.122373,9.938
62,SDSS1241,0.08889,19.115082,-0.547524,0.048945,10.171
63,SDSS6196,0.27916,21.551471,-1.51965,-0.017038,11.251
64,SDSS15201,0.20704,21.801005,-1.245704,0.094327,11.143
65,SDSS18415,0.12961,19.866162,-1.62361,-0.086675,10.832
66,SDSS13736,0.14901,19.972155,1.116862,-0.026876,9.589
67,SDSS14816,0.10589,19.370566,-0.67268,0.021313,10.383
68,SDSS16402,0.28845,20.859757,-0.872064,-0.186671,10.996
69,SDSS9457,0.25539,21.432154,-0.361202,-0.021164,10.864
70,SDSS8495,0.21295,20.819745,0.751948,-0.023337,10.732
71,SDSS15356,0.27447,21.436954,-0.707454,-0.049484,10.276
72,SDSS13072,0.22916,21.093432,0.392184,-0.013385,10.027
73,SDSS3452,0.22893,20.806588,0.906222,-0.090738,9.397
74,SDSS3451,0.24851,20.952989,0.650834,-0.054933,10.824
75,SDSS19913,0.20557,20.820147,0.082692,-0.059073,10.164
76,sn2007cq,0.025468,15.797848,-0.657941,-0.060805,9.704507
77,SDSS21062,0.14564,20.358304,0.819513,0.013295,9.317
78,SDSS3199,0.24961,21.547293,1.618942,0.005047,8.578
79,SDSS5635,0.1781,20.91017,0.040834,-0.027909,9.548
80,SDSS19953,0.11767,19.195923,0.743346,-0.126086,9.46
81,SDSS19230,0.21955,21.280787,-1.62107,0.079536,10.324
82,SDSS12856,0.17028,20.134725,0.860171,-0.089735,10.118
83,SDSS13044,0.11967,19.578968,-0.014339,-0.06787,9.624
84,SDSS17791,0.27749,21.739047,0.247627,-0.186998,8.946
85,SDSS16106,0.24973,21.02095,-0.628986,-0.150136,10.831
86,SDSS14437,0.14265,19.708683,0.594179,-0.09483,9.77
87,SDSS19008,0.21757,21.084988,1.079449,0.085294,10.62
88,SDSS15456,0.38047,21.980928,-1.212778,-0.090551,10.799
89,SDSS13305,0.19959,20.849845,1.115009,0.017693,10.014
90,SDSS14212,0.20399,20.912346,-0.339599,-0.032535,10.284
91,SDSS12855,0.17063,20.781976,-1.918197,0.040563,5.0
92,SDSS10434,0.10289,19.156988,-0.005434,-0.08741,10.955
93,SDSS15132,0.15295,19.761456,1.067798,-0.133296,9.218
94,SDSS744,0.12649,19.808548,1.401317,0.071402,10.155
95,sn2006on,0.069751,18.412215,0.548467,0.07895,10.327
96,SDSS9467,0.21698,21.069215,-1.395764,-0.141924,11.817
97,SDSS2017,0.26014,21.301262,1.392157,-0.105855,10.403
98,SDSS19027,0.2935,21.355269,0.469262,-0.006881,9.254
99,SDSS20040,0.28351,21.246461,0.704019,-0.110345,10.045
100,SDSS5533,0.21829,21.161023,-0.079904,0.022297,9.44
101,SDSS16473,0.2096,20.739132,-1.073325,-0.148416,9.907
102,SDSS16793,0.22058,20.764062,0.524838,-0.051257,5.0
103,SDSS14261,0.27952,21.349608,0.694248,-0.030169,8.814
104,SDSS7243,0.20231,20.782139,0.722312,-0.020602,8.835
105,SDSS6780,0.20061,20.954698,-1.767055,-0.030617,11.17
106,SDSS5844,0.30929,21.575751,0.392813,-0.142283,9.326
107,sn2004ey,0.015678,14.68323,0.097384,-0.133126,9.95
108,SDSS15461,0.17865,20.359333,-0.162051,-0.100206,10.186
109,SDSS17171,0.15895,19.93795,-0.384727,-0.141622,10.628
110,SDSS13610,0.29678,21.38185,0.079305,-0.095522,10.509
111,SDSS19067,0.35346,21.770897,0.55207,-0.065751,5.0
112,SDSS20575,0.19465,20.622004,0.160993,0.034235,11.031
113,SDSS15287,0.27258,21.161073,1.423274,-0.072993,10.405
114,SDSS12843,0.16565,20.412042,-1.018684,0.037459,11.085
115,SDSS1253,0.26059,21.218177,-0.959241,-0.118798,11.028
116,SDSS12860,0.12044,20.209823,-0.303464,0.140894,10.629
117,SDSS16350,0.23472,21.130073,-1.345527,-0.090072,10.525
118,SDSS15301,0.2466,20.665733,-0.338697,-0.138562,10.28
119,SDSS19425,0.21025,21.64322,-1.60431,0.13062,10.39
120,SDSS17389,0.1707,20.780026,1.13039,0.058277,9.793
121,SDSS6936,0.17969,20.567027,0.027587,-0.021299,10.365
122,SDSS6699,0.30915,21.797035,-0.673205,-0.139232,10.734
123,SDSS20144,0.21865,20.772595,0.204476,-0.096868,9.762
124,SDSS17552,0.24862,21.302566,1.242872,0.000278,10.483
125,sn2006oa,0.060959,17.836262,0.908837,-0.041039,8.985
126,SDSS15467,0.2091,20.592027,0.80126,-0.067945,10.402
127,SDSS15453,0.17373,20.54928,1.150037,-0.024265,8.651
128,SDSS19775,0.13668,20.268803,-0.228704,0.093699,10.567
129,SDSS15129,0.19699,20.684448,-0.774077,-0.070545,10.796
130,SDSS14024,0.14478,20.466614,-1.922932,0.03787,8.378
131,SDSS1794,0.14139,20.083504,1.153668,0.030808,9.7
132,SDSS13727,0.21971,20.855502,1.253108,-0.040277,9.62
133,SDSS12853,0.16817,20.17402,-0.580103,-0.061756,10.467
134,SDSS14019,0.21513,21.433042,-0.316436,-0.021846,9.67
135,SDSS17801,0.20515,21.18231,-0.677573,-0.017143,11.251
136,SDSS2916,0.12303,19.970954,-0.872609,0.056872,10.428
137,SDSS17366,0.13811,19.554935,0.567102,-0.095614,10.756
138,SDSS19940,0.14582,19.800673,1.044495,-0.004648,5.0
139,SDSS13411,0.1618,20.328307,1.786215,0.019766,8.508
140,SDSS21042,0.31065,21.379309,1.245043,-0.095517,9.113
141,SDSS14298,0.2607,21.261083,1.298349,-0.080943,5.0
142,SDSS14984,0.1828,20.867304,1.015744,0.072977,10.083
143,SDSS15648,0.17383,21.032398,-1.45375,0.113585,11.175
144,SDSS16737,0.1988,20.519882,-0.44361,-0.075727,10.07
145,SDSS12883,0.30569,21.588074,-1.955498,-0.057713,10.972
146,SDSS5994,0.18581,20.479366,0.746501,-0.061663,11.56
147,SDSS18241,0.09391,19.176568,-1.123374,-0.085483,10.016
148,SDSS2102,0.09401,18.639465,1.271886,-0.11082,8.774
149,sn2002ha,0.013652,14.685508,-1.295292,-0.092539,11.114
150,SDSS6315,0.26576,20.925675,-0.091383,-0.194032,9.785
151,SDSS7779,0.37986,21.922589,1.316854,-0.10254,11.183
152,SDSS12930,0.14607,20.061964,1.887311,0.021652,10.785
153,SDSS12779,0.07891,19.149702,-0.561485,0.096243,10.59
154,SDSS17605,0.14533,20.060753,0.715631,0.014894,10.704
155,SDSS14451,0.17789,20.15261,0.289199,-0.106929,9.886
156,SDSS6137,0.29888,21.522329,0.359245,-0.150995,5.0
157,SDSS12928,0.13868,19.897068,-0.55804,-0.064004,10.896
158,SDSS15171,0.13818,19.659001,0.680037,-0.078535,8.724
159,sn2006bq,0.021956,16.206993,-1.517685,0.049212,10.843
160,sn1998v,0.01745,15.122099,-0.177036,0.000164,11.003
161,sn2003u,0.028561,16.482973,-2.09037,-0.032596,10.657
162,sn2007ae,0.062961,17.798492,1.849266,-0.009638,11.32
163,sn2001az,0.040259,16.947362,1.203835,-0.061247,10.656
164,sn2002de,0.027748,16.657319,0.541542,0.09721,10.806
165,sn1999ac,0.01006,14.148421,0.202688,0.048593,9.917
166,sn1999cc,0.031764,16.789918,-1.609961,-0.00656,11.039
167,sn2006bt,0.031484,16.911564,0.265652,0.062851,11.381
168,sn2005ag,0.080103,18.471039,0.213846,-0.037391,10.902
169,04D3gt,0.451556,23.241924,-0.213624,0.191395,11.34
170,05D3dd,0.480568,22.948758,-0.207015,-0.029175,11.222
171,04D3nh,0.34052,22.137345,0.612333,-0.003747,9.356
172,04D3hn,0.552605,23.48813,-0.573944,0.073514,10.79
173,05D3kx,0.219462,20.852122,0.698942,-0.039907,10.63
174,05D3ci,0.515587,23.62109,2.120426,0.166871,10.011
175,05D3jq,0.5796,23.295137,1.48851,0.001938,8.832
176,04D3lu,0.822697,24.373493,-0.556579,-0.124503,11.111
177,05D3ne,0.169455,20.293205,-1.463743,-0.143152,11.133
178,03D3aw,0.449562,22.667126,0.810113,-0.085962,10.695
179,03D3bl,0.35582,22.926619,0.055758,0.204749,10.831
180,04D3oe,0.756687,24.054929,-1.003254,-0.2463,7.492
181,04D3ez,0.263487,21.66648,-1.082884,0.027124,10.29
182,05D3mq,0.246492,21.50567,-0.683772,-0.000463,10.723
183,05D3mh,0.670654,24.064257,0.57067,0.054159,10.078
184,04D3ny,0.81072,24.233543,-0.074816,-0.014984,10.032
185,03D3cd,0.461274,22.575127,1.861682,-0.043023,9.339
186,04D3fk,0.358336,22.515607,-0.386641,0.079161,10.189
187,04D3cy,0.643646,23.786478,-0.204658,-0.027514,9.98
188,03D3ay,0.371443,22.273052,0.569579,-0.054463,10.198
189,04D3co,0.620632,23.784306,-0.677025,-0.027937,9.517
190,04D3do,0.610643,23.559958,-0.830682,-0.118742,10.485
191,04D3kr,0.337534,21.966214,1.231534,-0.018647,9.287
192,03D3ba,0.291718,21.961068,0.760688,0.116118,10.211
193,sn1996c,0.030721,16.647115,0.65918,0.064364,10.309
194,sn2007f,0.02381,15.895501,0.618766,-0.055411,10.027
195,sn1998ab,0.027688,16.076604,-0.108805,0.039115,10.789
196,sn2004gu,0.046856,17.452691,1.333884,0.078323,10.225
197,sn2006s,0.033255,16.841219,0.970796,0.020955,10.45
198,sn1992p,0.027637,16.067616,0.743997,-0.093472,10.389
199,sn2006ac,0.023471,16.158253,-0.858068,0.024221,10.866
200,Patuxent,0.970782,25.020075,-0.10271,-0.218154,10.633
201,Elvis,0.839734,24.362709,-0.08164,-0.019546,10.626
202,sn1994s,0.015664,14.780119,0.222279,-0.0647,10.452
203,sn1994m,0.024951,16.311743,-1.525693,0.056784,11.038
204,sn2006cp,0.023321,16.024534,0.353158,0.096579,10.103
205,sn2005bg,0.024586,15.865712,0.396794,-0.032789,10.157
206,sn2006an,0.065193,18.095053,0.64572,-0.044607,7.989
207,sn2006az,0.031485,16.462073,-1.343413,-0.117484,11.314
208,sn2008bf,0.022068,15.71854,0.430639,-0.038367,11.212
209,sn2001v,0.015791,14.557266,0.916702,-0.038383,10.842
210,sn2007ci,0.018599,15.89331,-2.724319,0.026802,11.117
211,sn2004as,0.032538,17.000951,0.398948,0.073203,9.35
212,sn2007bc,0.021706,15.90219,-1.223772,-0.014061,10.814
213,sn2005ki,0.020396,15.541531,-1.388082,-0.096978,11.18
214,sn2006al,0.069122,18.394173,-1.408648,-0.119809,10.249
215,sn2006ar,0.02298,16.454585,-1.043223,0.082429,9.847
216,sn2004l,0.033173,17.370053,-0.986549,0.172665,10.446
217,sn2002bf,0.024746,16.341106,-0.791998,0.148436,10.603
218,04D2gb,0.451681,22.903257,-1.587699,0.028125,10.246
219,04D2cf,0.370586,22.462924,-0.861569,-0.014022,10.809
220,04D2gc,0.522762,23.329087,1.140206,0.018441,9.326
221,05D2ah,0.185371,20.758955,-0.075113,0.001222,9.21
222,06D2ck,0.553797,23.411247,0.012383,-0.031799,11.193
223,04D2iu,0.701965,24.226777,-1.908278,0.04058,6.0
224,05D2ie,0.349557,22.228291,-0.089736,-0.074922,9.287
225,04D2kr,0.746118,23.855911,0.789091,-0.024482,6.0
226,04D2mj,0.514746,23.776721,1.541433,0.155788,9.548
227,04D2mc,0.34956,22.510167,-1.796939,0.084647,10.96
228,04D2fs,0.35857,22.425017,0.093895,0.060514,8.386
229,05D2hc,0.35156,22.684908,-0.674399,0.037449,10.977
230,04D2mh,0.591835,23.386183,1.581016,0.022525,9.097
231,06D2fb,0.125298,19.752286,-0.356571,-0.019485,9.74
232,04D2fp,0.416632,22.546572,0.385152,-0.049753,10.235
233,06D2cc,0.533766,23.454678,-0.552437,0.081612,10.87
234,05D2ec,0.641893,23.677878,-0.210581,-0.103447,9.997
235,05D2cb,0.428646,23.396803,0.900599,0.158626,9.534
236,04D2gp,0.733996,24.211821,-1.352031,-0.14094,8.834
237,06D2ca,0.532765,23.313086,1.277665,0.048672,9.808
238,05D2fq,0.734996,24.000974,0.836161,-0.075547,10.875
239,05D2ac,0.480704,22.671051,1.123507,-0.054059,11.153
240,04D2ja,0.742008,24.094212,0.357631,-0.201828,10.991
241,sn2003w,0.020997,15.875946,0.07299,0.102214,10.619
242,sn2001fe,0.014575,14.66139,0.73797,-0.066355,10.193
243,sn2004gs,0.027499,17.152881,-1.806035,0.127063,11.079
244,sn2007bd,0.031638,16.58094,-1.380962,-0.047773,10.736
245,sn2001ep,0.013324,14.882717,-0.925188,0.047286,10.286
246,SDSS17280,0.13045,19.653248,-0.839375,-0.198044,10.785
247,SDSS15425,0.15935,19.907795,0.971182,-0.00611,10.398
248,SDSS2992,0.12608,20.042918,-0.969154,0.10647,9.881
249,SDSS18486,0.2454,20.753569,1.112899,-0.108783,5.0
250,SDSS14979,0.17653,20.178782,0.224801,-0.117703,9.807
251,SDSS17215,0.18079,20.579248,0.282892,0.015433,11.24
252,SDSS14871,0.11845,19.436663,1.29099,-0.046502,8.922
253,SDSS3377,0.24448,20.797565,1.038449,-0.080192,8.91
254,SDSS19596,0.29135,21.541949,0.639978,-0.04433,9.565
255,SDSS14108,0.13243,20.147341,0.248082,-0.000855,8.938
256,SDSS15213,0.30632,21.733825,-0.084184,-0.086541,10.901
257,SDSS20470,0.1244,19.953688,0.657385,0.044204,10.124
258,SDSS6057,0.06651,18.639629,-0.420885,0.108184,9.944
259,SDSS17784,0.03652,17.320514,-0.728272,0.060325,9.099
260,SDSS5391,0.30021,21.702057,0.260674,-0.031138,8.701
261,SDSS7512,0.21835,21.098936,0.501492,-0.002655,9.888
262,SDSS14157,0.21082,20.480731,1.125219,-0.058471,10.943
263,SDSS18809,0.12837,19.747603,-1.172856,-0.07694,10.933
264,SDSS2246,0.19422,20.982429,0.35042,0.071594,10.634
265,SDSS15443,0.18122,20.192003,1.560538,-0.041282,10.223
266,SDSS5395,0.11635,19.462745,1.193505,-0.015778,8.604
267,SDSS14284,0.18037,20.228837,-0.30878,-0.068514,10.514
268,SDSS18855,0.12715,19.700776,0.247941,-0.027883,10.246
269,SDSS18485,0.27822,21.278193,1.31567,-0.088149,10.63
270,SDSS21006,0.29021,21.340912,-0.094057,-0.124339,5.0
271,SDSS19702,0.26821,21.593672,-1.095858,-0.07291,9.986
272,sn2005eq,0.029086,16.284531,1.425425,-0.024106,10.552
273,SDSS1032,0.12903,20.336945,-2.528617,0.050506,10.456
274,SDSS18927,0.21323,21.240608,-0.590113,0.113055,10.489
275,SDSS2561,0.11741,19.784621,-0.082681,0.039633,10.574
276,SDSS6406,0.12376,19.60877,0.118662,-0.003543,10.528
277,SDSS1580,0.18322,20.272733,0.879572,-0.038487,11.198
278,SDSS17880,0.07195,18.984126,-0.923587,0.181137,10.07
279,SDSS16032,0.20318,20.758955,-0.819482,-0.10857,5.0
280,SDSS17332,0.18204,20.680621,-0.237165,0.036489,10.532
281,SDSS15584,0.28111,21.439311,0.314981,-0.044998,10.623
282,SDSS19353,0.15322,20.209017,0.894088,0.036376,10.731
283,SDSS2440,0.19215,20.644093,0.395729,-0.086867,10.194
284,SDSS19002,0.2671,21.206503,0.323447,-0.097382,10.459
285,SDSS12927,0.17415,20.351422,0.026059,0.014706,10.482
286,sn1995ak,0.022399,16.021035,-1.090886,0.074389,10.335397
287,SDSS13511,0.23646,21.461512,-1.553624,-0.095193,11.103
288,SDSS2372,0.17962,20.567619,0.279554,0.030383,10.119
289,SDSS19632,0.30702,21.831913,0.153977,-0.044536,10.803
290,SDSS15704,0.36397,22.059517,-0.04859,-0.17136,10.679
291,SDSS15440,0.25205,21.586693,-0.623735,0.065746,10.556
292,SDSS8046,0.25833,21.619985,0.243598,0.040716,11.196
293,SDSS13655,0.25104,21.936242,-1.339461,0.082437,10.996
294,sn1999dq,0.013533,14.381711,0.869173,0.026883,10.689
295,SDSS4577,0.36193,22.096096,0.320107,-0.062616,10.273
296,SDSS15868,0.24102,21.005963,0.328735,-0.140847,10.417
297,SDSS17497,0.14382,20.04551,0.911414,0.037728,10.129
298,SDSS19616,0.16455,20.24377,0.15196,-0.023369,11.215
299,04D1sa,0.583743,23.564276,-0.442871,-0.066413,10.623
300,04D1kj,0.583743,23.335798,0.218145,-0.062764,9.929
301,04D1rh,0.434861,22.556493,0.828369,-0.057039,9.888
302,04D1pg,0.513793,23.572554,0.985964,0.102976,9.808
303,03D1fq,0.798566,24.510389,-1.056666,-0.055975,10.651
304,SDSS15872,0.20203,20.556408,0.781434,-0.064131,9.304
305,03D1bp,0.345928,22.398137,-1.15511,-0.040581,10.821
306,03D1dt,0.610712,23.285241,-1.161563,-0.094943,9.715
307,04D1dc,0.210032,21.056779,-1.236256,-0.002674,10.635
308,04D1jg,0.582932,23.273246,0.265156,-0.104618,11.338
309,03D1fc,0.330932,21.861412,0.650394,-0.017577,10.391
310,04D1oh,0.588721,23.396414,-0.066782,-0.068922,9.17
311,03D1ax,0.494795,22.960139,-0.728837,-0.099683,11.58
312,03D1aw,0.580724,23.573937,0.974346,-0.025076,9.169
313,SDSS15161,0.2485,21.203185,-0.284969,-0.053995,10.744
314,SDSS17258,0.0901,18.818896,0.316969,0.027279,9.647
315,SDSS19818,0.29192,21.507747,1.181291,-0.005108,10.19
316,SDSS14735,0.30001,21.706687,-0.087397,0.032811,10.469
317,SDSS19990,0.24495,21.379199,-1.313715,-0.086373,10.306
318,SDSS5957,0.27852,21.447891,-0.186487,-0.121945,10.232
319,SDSS15219,0.24695,21.056951,-0.146222,-0.154043,10.809
320,SDSS6649,0.31288,21.594837,0.720911,-0.088234,8.394
321,SDSS2308,0.148,19.597186,0.675888,-0.181409,10.336
322,SDSS15421,0.18435,20.641715,0.174788,-0.043682,10.149
323,SDSS11067,0.11304,19.114133,1.733698,-0.072351,9.42
324,SDSS17825,0.15999,20.410888,-0.149097,0.006164,5.0
325,SDSS15776,0.31646,21.846724,-2.281762,-0.146321,10.899
326,SDSS15901,0.19794,20.774797,0.0302,-0.040623,9.669
327,SDSS19969,0.1742,20.50996,0.046786,0.016788,10.337
328,SDSS14421,0.17386,20.452267,-0.745633,-0.097808,11.26
329,SDSS17186,0.07849,19.240437,0.642723,0.111359,10.562
330,SDSS19149,0.19494,20.367563,1.179644,0.010582,9.536
331,SDSS19155,0.07592,18.228158,1.204471,-0.103885,10.732
332,SDSS2533,0.3388,21.773378,1.761054,-0.07667,9.382
333,SDSS4000,0.27745,21.898888,-1.042665,-0.012101,10.689
334,SDSS16165,0.15596,20.146078,0.344199,-0.032,5.0
335,SDSS17629,0.13588,20.059419,-0.347675,0.060305,11.041
336,SDSS16100,0.19392,21.065011,-0.393434,0.05151,9.122
337,SDSS22075,0.12893,19.928783,-1.682693,-0.031848,10.95
338,SDSS18787,0.19191,21.201846,0.145971,0.035637,10.829
339,SDSS21033,0.22786,21.000868,-0.793564,-0.08766,5.0
340,SDSS21034,0.10751,19.591919,0.01421,0.032201,10.73
341,sn2006ob,0.059289,18.195512,-2.365543,-0.044476,11.323
342,SDSS17884,0.23782,20.859375,0.664166,-0.124117,10.134
343,SDSS13354,0.15653,20.298025,1.040064,0.087963,10.648
344,SDSS13005,0.12593,19.89021,-0.332265,-0.012297,10.193
345,SDSS15508,0.13392,19.607858,0.882983,-0.059231,9.879
346,SDSS3317,0.15999,20.351465,-0.5222,0.020834,9.724
347,SDSS12898,0.07997,19.019822,-0.069349,0.070049,10.081
348,SDSS6304,0.18965,20.949871,-0.53757,0.068414,10.377
349,SDSS16099,0.1958,20.704275,2.030525,0.023292,10.365
350,SDSS17223,0.23381,20.863174,1.013494,-0.070271,5.0
351,SDSS20764,0.16387,20.274432,-1.407804,-0.105729,10.761
352,SDSS16619,0.11402,19.173326,-0.191925,-0.08585,8.332
353,SDSS20364,0.21382,21.110632,0.56921,0.034751,10.213
354,SDSS19174,0.16357,20.518238,-0.75325,0.056574,10.709
355,SDSS18804,0.19084,20.425403,0.947789,-0.045704,9.965
356,SDSS13506,0.24179,21.801057,-0.200116,0.138533,10.402
357,SDSS2689,0.16035,20.253587,1.391688,0.08052,11.15
358,SDSS16641,0.11389,19.719269,1.053347,0.039734,10.477
359,SDSS18091,0.37013,21.893176,-0.647918,-0.195436,11.162
360,SDSS20142,0.31468,21.289082,0.849074,-0.091687,8.777
361,SDSS5736,0.25174,21.405599,-0.217638,-0.008766,8.743
362,sn1999dk,0.01444,14.843842,-0.014266,0.049854,10.156
363,SDSS4679,0.33103,22.092013,0.953409,0.090984,8.479
364,sn2001en,0.015482,15.08025,-0.916368,0.001671,10.662
365,SDSS16618,0.19198,20.466522,-0.792727,-0.09709,9.907
366,SDSS17875,0.21075,21.022641,1.120316,-0.030671,10.533
367,SDSS16276,0.19176,20.740998,-0.018646,-0.026411,8.82
368,SDSS3087,0.1644,20.259822,0.522789,0.00595,9.373
369,SDSS17435,0.21674,20.709521,0.90173,-0.108869,8.005
370,sn2002jy,0.021541,15.7472,0.977375,-0.035146,10.587
371,sn2005ir,0.07487,18.411792,0.684284,-0.013661,10.182
372,SDSS3592,0.08528,18.765187,-0.145167,-0.043103,10.395
373,SDSS14279,0.04428,17.546294,-0.162447,0.090515,10.513
374,SDSS18298,0.11863,20.541778,-2.724252,0.255113,10.684
375,SDSS5717,0.25037,21.337855,1.417706,-0.029844,9.042
376,SDSS15057,0.29762,21.845816,-2.48499,-0.058957,9.519
377,SDSS10028,0.064229,18.347945,-1.201799,0.01006,10.531
378,SDSS2943,0.26405,21.371914,0.531823,-0.02857,8.822
379,SDSS18463,0.26665,21.322503,0.941316,-0.043687,10.406
380,SDSS13578,0.22668,21.06808,-0.245891,-0.040327,8.902
381,SDSS18768,0.19671,20.998833,-0.446422,-0.030251,9.567
382,SDSS16232,0.36554,22.13649,-0.145799,-0.111398,10.504
383,SDSS2165,0.28662,21.604938,0.477722,-0.121457,9.203
384,SDSS15234,0.13508,20.461573,0.90023,0.12776,10.399
385,SDSS3080,0.17374,20.242601,0.120044,-0.049739,10.71
386,SDSS16185,0.09582,19.773444,-2.309599,0.069933,9.507
387,SDSS18740,0.15575,20.174029,-0.034977,0.024848,10.454
388,sn2000dk,0.017483,15.364415,-2.112751,-0.026834,10.476629
389,SDSS20687,0.18772,21.111734,-0.570147,0.148525,10.772
390,SDSS19341,0.22667,21.43872,-1.54953,0.033312,10.711
391,SDSS15203,0.21468,20.730053,1.114217,-0.024767,10.047
392,SDSS762,0.1901,20.632628,1.125919,-0.038817,10.957
393,SDSS15433,0.21976,20.943822,-0.088272,-0.067736,10.585
394,SDSS3901,0.062818,18.039954,1.183262,0.041002,9.74
395,sn2006nz,0.03695,18.130272,-2.862959,0.22881,5.0
396,SDSS16021,0.12276,19.61767,-0.34698,-0.038204,9.842
397,SDSS12977,0.24562,21.151867,0.070492,-0.048348,9.565
398,SDSS18965,0.20466,20.719102,-0.639717,-0.111895,10.443
399,SDSS20088,0.24352,20.934675,-0.24094,-0.162186,10.944
400,SDSS18749,0.18667,21.077159,-1.441241,0.065591,10.876
401,SDSS18612,0.11368,19.674591,-0.734703,0.060165,10.764
402,SDSS4241,0.33051,21.962505,0.244648,-0.056394,8.717
403,SDSS15897,0.16869,20.889914,-2.457456,0.015791,10.655
404,sn2006mo,0.036969,17.409901,-2.128216,0.007758,10.925
405,SDSS5751,0.12953,20.11706,0.678679,0.146762,10.414
406,SDSS21669,0.12281,19.555089,-1.341157,-0.079528,11.407
407,SDSS18375,0.10725,19.337775,0.163568,0.066199,10.139
408,SDSS6933,0.21163,20.83092,0.076743,-0.019791,8.975
409,SDSS18697,0.10602,19.224685,0.749838,-0.002746,10.69
410,SDSS20345,0.26357,21.267444,-1.685348,-0.11052,5.0
411,SDSS18940,0.21861,20.966724,-0.943963,-0.048746,10.15
412,SDSS12881,0.2316,21.098958,0.772132,0.03483,9.324
413,SDSS18945,0.26856,21.597167,0.138984,-0.048331,5.0
414,SDSS20039,0.24558,21.379054,0.725208,0.060682,11.334
415,sn2006ej,0.02039,15.743711,-1.005031,-0.031248,10.413839
416,SDSS17220,0.17066,20.55707,1.820322,0.150278,10.466
417,SDSS16213,0.24857,21.127943,0.279927,-0.096848,5.0
418,SDSS18325,0.25356,21.278008,0.392895,-0.055306,11.019
419,SDSS19658,0.19863,20.711318,-0.007405,-0.084476,9.139
420,SDSS17240,0.07153,18.172291,-1.466919,-0.121433,10.813
421,SDSS16073,0.14468,20.257201,0.723179,-0.006892,9.779
422,SDSS19101,0.18563,20.773682,-0.170077,0.045482,5.0
423,SDSS12972,0.25655,21.306745,0.115968,-0.080959,8.871
424,SDSS14331,0.2126,21.246133,0.141351,0.014187,9.741
425,SDSS8719,0.11651,19.419454,-0.020801,-0.066413,9.011
426,SDSS14846,0.22328,20.941812,0.633837,-0.044898,10.904
427,SDSS21510,0.14839,19.741298,-0.84545,-0.155197,10.821
428,SDSS13152,0.2056,20.662469,0.25867,0.007696,9.363
429,SDSS14397,0.36941,22.210028,-1.192797,-0.220851,10.479
430,SDSS2330,0.21179,21.774529,-1.880375,0.04511,9.752
431,SDSS15354,0.22068,21.520886,-2.264612,0.085193,10.5
432,SDSS11300,0.14547,20.28342,-1.607355,0.075146,9.291
433,SDSS17464,0.24555,21.091966,0.08144,0.052687,8.864
434,SDSS13136,0.36441,22.299562,0.65981,-0.101528,11.25
435,SDSS13835,0.24625,21.07527,0.624852,-0.078392,10.462
436,SDSS20625,0.10667,19.481026,-0.106927,-0.00435,10.509
437,SDSS12781,0.08304,19.38627,-1.832076,0.036206,10.955
438,SDSS19604,0.29448,22.400726,1.173093,0.172962,10.19
439,SDSS15229,0.22256,21.024295,0.685016,-0.032572,8.926
440,SDSS7475,0.32045,21.537605,0.6771,-0.169811,8.949
441,SDSS7473,0.21457,20.88535,-0.182983,-0.098014,8.474
442,SDSS13689,0.25012,20.967243,1.161118,-0.147913,10.449
443,SDSS5550,0.15473,19.866725,1.89306,-0.048817,8.939
444,SDSS18323,0.15363,20.240999,0.15976,-0.043411,9.261
445,SDSS11206,0.38026,22.200281,-1.510288,-0.205532,10.689
446,SDSS6249,0.29287,21.783514,0.575567,0.03144,9.603
447,SDSS5549,0.11967,19.648787,0.253433,0.005345,8.749
448,SDSS16072,0.27549,21.533317,0.275684,-0.016258,10.64
449,SDSS18721,0.39135,22.096499,0.144953,-0.134777,11.14
450,SDSS17253,0.15463,19.970376,-0.196987,-0.122244,10.642
451,SDSS17745,0.05874,17.862299,1.071379,-0.050084,8.744
452,SDSS15222,0.19801,20.948974,-1.339491,0.011075,11.26
453,SDSS14481,0.25351,21.384596,-1.039765,-0.171954,10.917
454,SDSS6108,0.258,21.525113,0.45467,0.03553,9.208
455,SDSS17208,0.13864,19.983006,0.836869,-0.068099,8.2
456,sn2006sr,0.024159,16.150168,-1.290353,-0.001752,10.589
457,SDSS722,0.08522,18.716573,-0.471485,-0.087112,10.83
458,SDSS15756,0.37835,22.421908,-0.960604,-0.250149,11.371
